scenario,scenario_label,run,seed,encountered_unique_issues,raw_reports,accepted_contributions,invalid_reports,merged_duplicates,unmerged_duplicates,workorders,emergency_referrals,effective_report_rate,duplicate_or_invalid_rate,dispatch_accuracy,mean_resolution_hours,mean_submission_minutes,participation_gap_pp,rider_participation_rate,driver_participation_rate,issue_coverage_rate,resolution_rate,late_period_participation_rate
S0,现状基准,1,20260914,977,296,157,126,3,13,167,4,0.5304054054054054,0.46959459459459457,0.6167664670658682,52.55008711811917,8.032227469622013,0.35785911594743425,0.1227154046997389,0.12629399585921325,0.15762538382804503,0.7964071856287425,0.12
S1,AI 上报,1,20260914,977,735,515,189,87,31,459,23,0.7006802721088435,0.29931972789115646,0.8671023965141612,31.227875890485368,3.012263191086049,1.803891042170075,0.3028720626631854,0.32091097308488614,0.43807574206755373,0.8235294117647058,0.3136
S2,AI 上报加透明反馈,1,20260914,977,953,701,200,156,52,597,29,0.7355718782791185,0.2644281217208814,0.8576214405360134,26.844666195114566,2.965868335508367,4.938563914611138,0.38746736292428197,0.43685300207039335,0.5578300921187308,0.8609715242881072,0.4096
S3,AI 上报加透明反馈加差异化激励,1,20260914,977,1175,826,281,212,68,682,33,0.7029787234042553,0.2970212765957447,0.8475073313782991,27.069290417464796,3.015180341274342,0.9504348907232341,0.4919060052219321,0.4824016563146998,0.6284544524053224,0.8724340175953079,0.5104
S0,现状基准,2,20260914,981,278,154,118,1,6,159,6,0.5539568345323741,0.4460431654676259,0.6477987421383647,50.19714593362556,8.067373318783119,0.987351190476192,0.11774553571428571,0.12761904761904763,0.1559633027522936,0.8238993710691824,0.13050847457627118
S1,AI 上报,2,20260914,981,735,522,178,88,35,469,12,0.710204081632653,0.2897959183673469,0.8678038379530917,32.713283418014385,3.0260866562975126,5.797619047619046,0.33035714285714285,0.2723809523809524,0.44240570846075433,0.8528784648187633,0.3220338983050847
S2,AI 上报加透明反馈,2,20260914,981,889,620,229,115,40,545,14,0.6974128233970753,0.3025871766029246,0.8495412844036697,26.983322750785636,2.9953245328684077,6.049851190476191,0.36997767857142855,0.43047619047619046,0.5147808358817533,0.8697247706422019,0.3898305084745763
S3,AI 上报加透明反馈加差异化激励,2,20260914,981,1113,790,255,198,68,660,20,0.7097933513027853,0.29020664869721474,0.8303030303030303,26.85693894427999,3.0008739255050894,1.6770833333333346,0.4765625,0.49333333333333335,0.6034658511722731,0.8696969696969697,0.5067796610169492
S0,现状基准,3,20260914,988,273,148,118,0,7,155,11,0.5421245421245421,0.45787545787545786,0.6645161290322581,53.87629941412709,7.927784641819071,0.574172089660159,0.11573333333333333,0.12147505422993492,0.14979757085020243,0.8258064516129032,0.13059033989266547
S1,AI 上报,3,20260914,988,714,530,152,99,32,463,20,0.742296918767507,0.25770308123249297,0.838012958963283,32.06726152413264,2.9844210543315715,3.217353579175702,0.312,0.279826464208243,0.43623481781376516,0.8315334773218143,0.3112701252236136
S2,AI 上报加透明反馈,3,20260914,988,894,602,240,118,52,536,24,0.6733780760626398,0.32662192393736017,0.875,27.260378683079473,3.018037558273283,0.6559652928416482,0.384,0.3774403470715835,0.4898785425101215,0.8936567164179104,0.40966010733452596
S3,AI 上报加透明反馈加差异化激励,3,20260914,988,1068,759,243,187,66,638,37,0.7106741573033708,0.2893258426966292,0.8683385579937304,27.164535665277086,3.015074431423691,5.882169197396964,0.4688,0.40997830802603036,0.5789473684210527,0.8761755485893417,0.4257602862254025
S0,现状基准,4,20260914,1001,272,147,117,3,8,152,17,0.5404411764705882,0.45955882352941174,0.6578947368421053,50.6555945356468,8.100515798744388,1.2371249440214962,0.12012987012987013,0.10775862068965517,0.14385614385614387,0.7236842105263158,0.09965034965034965
S1,AI 上报,4,20260914,1001,698,504,168,95,26,435,27,0.7220630372492837,0.27793696275071633,0.8781609195402299,32.696254022843284,3.011429674079947,2.673906553216898,0.29653679653679654,0.3232758620689655,0.4085914085914086,0.8459770114942529,0.29545454545454547
S2,AI 上报加透明反馈,4,20260914,1001,946,678,224,156,44,566,40,0.7167019027484144,0.2832980972515856,0.872791519434629,27.4646388510872,2.982273647023552,4.544521570383636,0.41829004329004327,0.3728448275862069,0.5214785214785215,0.8975265017667845,0.3881118881118881
S3,AI 上报加透明反馈加差异化激励,4,20260914,1001,1139,810,283,208,46,648,46,0.7111501316944688,0.28884986830553117,0.8364197530864198,28.28928191278477,3.027075577312233,2.3156441259889524,0.4972943722943723,0.47413793103448276,0.6013986013986014,0.8827160493827161,0.5
S0,现状基准,5,20260914,992,270,140,122,1,8,147,7,0.5185185185185185,0.48148148148148145,0.6394557823129252,51.79783064581928,7.962959341256269,2.0610232114656886,0.12330383480825959,0.1026936026936027,0.14012096774193547,0.8163265306122449,0.11623931623931624
S1,AI 上报,5,20260914,992,637,455,155,71,27,411,21,0.7142857142857143,0.2857142857142857,0.851581508515815,31.41776245922096,2.9848415813121165,0.8405589821519011,0.2761061946902655,0.2845117845117845,0.3870967741935484,0.8345498783454988,0.28547008547008546
S2,AI 上报加透明反馈,5,20260914,992,844,603,205,123,36,516,31,0.7144549763033176,0.28554502369668244,0.8643410852713178,26.46880479963685,2.9922072405929985,3.8693721879562606,0.3787610619469027,0.3400673400673401,0.4838709677419355,0.874031007751938,0.37606837606837606
S3,AI 上报加透明反馈加差异化激励,5,20260914,992,1133,774,293,189,66,651,31,0.6831421006178288,0.31685789938217124,0.8525345622119815,27.365888246261967,2.9848948995913815,0.6856172342898037,0.4967551622418879,0.4898989898989899,0.5897177419354839,0.8417818740399385,0.49572649572649574
S0,现状基准,6,20260914,964,292,159,125,1,8,166,11,0.5445205479452054,0.4554794520547945,0.6144578313253012,50.923519419422334,8.021663471640085,0.5189622641509434,0.12441037735849056,0.1296,0.16390041493775934,0.7650602409638554,0.11472602739726027
S1,AI 上报,6,20260914,964,733,538,165,99,30,469,18,0.7339699863574352,0.2660300136425648,0.8422174840085288,33.16172436499149,3.0148079937747108,2.7113207547169837,0.3231132075471698,0.296,0.4553941908713693,0.837953091684435,0.3236301369863014
S2,AI 上报加透明反馈,6,20260914,964,925,668,221,146,36,558,34,0.7221621621621621,0.27783783783783783,0.8530465949820788,27.044497607712746,3.0128296272121635,0.8943396226415101,0.4009433962264151,0.392,0.5414937759336099,0.8709677419354839,0.3921232876712329
S3,AI 上报加透明反馈加差异化激励,6,20260914,964,1118,795,253,201,70,664,27,0.7110912343470484,0.2889087656529517,0.8719879518072289,27.55354479193599,2.997892236403799,10.522358490566036,0.5100235849056604,0.4048,0.6161825726141079,0.875,0.5017123287671232
S0,现状基准,7,20260914,999,323,169,144,5,10,174,6,0.5232198142414861,0.47678018575851394,0.5862068965517241,54.76492701307158,8.024980270392481,1.1229483030792102,0.13231118682566723,0.14354066985645933,0.16416416416416416,0.8448275862068966,0.14950166112956811
S1,AI 上报,7,20260914,999,700,496,174,83,30,443,17,0.7085714285714285,0.2914285714285714,0.8577878103837472,32.441626305843755,3.005758264844475,1.991039236623382,0.2879045996592845,0.3078149920255183,0.4134134134134134,0.8465011286681715,0.29069767441860467
S2,AI 上报加透明反馈,7,20260914,999,968,700,220,171,48,577,29,0.7231404958677686,0.2768595041322314,0.8526863084922011,26.786147671080837,2.9905334689166723,1.4791508739325498,0.40147643384440657,0.41626794258373206,0.5295295295295295,0.8856152512998267,0.420265780730897
S3,AI 上报加透明反馈加差异化激励,7,20260914,999,1137,792,285,200,60,652,34,0.6965699208443272,0.3034300791556728,0.8650306748466258,27.36771902408569,2.9975671361431884,2.710780358050152,0.4832481544576945,0.45614035087719296,0.5925925925925926,0.8665644171779141,0.4883720930232558
S0,现状基准,8,20260914,991,275,141,127,2,7,146,11,0.5127272727272727,0.48727272727272725,0.6575342465753424,49.8240371925473,7.884036991251685,2.223697448926307,0.12352610892756878,0.10128913443830571,0.14026236125126135,0.8013698630136986,0.0975609756097561
S1,AI 上报,8,20260914,991,661,480,155,71,26,435,20,0.7261724659606656,0.27382753403933435,0.8505747126436781,31.861800865698893,3.005165099470669,0.374424945945695,0.28354856822010105,0.287292817679558,0.4127144298688194,0.8275862068965517,0.30662020905923343
S2,AI 上报加透明反馈,8,20260914,991,919,655,207,146,57,566,29,0.7127312295973884,0.28726877040261156,0.8639575971731449,27.226393601561842,2.980507278773513,0.5471091933163919,0.39416058394160586,0.3996316758747698,0.513622603430878,0.8551236749116607,0.41986062717770034
S3,AI 上报加透明反馈加差异化激励,8,20260914,991,1130,767,290,194,73,646,30,0.6787610619469027,0.32123893805309733,0.8575851393188855,26.906712360624663,2.9965168101854363,6.493961738547782,0.5014037057832679,0.43646408839779005,0.5782038345105953,0.8823529411764706,0.4843205574912892
S0,现状基准,9,20260914,1023,266,135,121,0,10,145,12,0.5075187969924813,0.4924812030075188,0.6068965517241379,51.66451743389987,7.972233756008266,0.29346795530471176,0.11159029649595688,0.10865561694290976,0.13196480938416422,0.7793103448275862,0.1048252911813644
S1,AI 上报,9,20260914,1023,683,478,179,66,26,438,34,0.6998535871156661,0.3001464128843338,0.860730593607306,32.35458885962424,2.97398961367268,0.7957191007331721,0.2830188679245283,0.29097605893186,0.4027370478983382,0.8127853881278538,0.28452579034941766
S2,AI 上报加透明反馈,9,20260914,1023,968,697,221,165,50,582,31,0.7200413223140496,0.2799586776859504,0.872852233676976,27.8432056237388,2.977448481822987,3.854993472422852,0.4123989218328841,0.3738489871086556,0.520039100684262,0.8487972508591065,0.40765391014975044
S3,AI 上报加透明反馈加差异化激励,9,20260914,1023,1137,783,277,196,77,664,47,0.6886543535620053,0.3113456464379947,0.8298192771084337,27.239156591203702,2.9829773534506456,0.3477734260596721,0.47493261455525604,0.4714548802946593,0.5738025415444771,0.8719879518072289,0.4891846921797005
S0,现状基准,10,20260914,994,307,172,120,1,15,186,9,0.5602605863192183,0.43973941368078173,0.6129032258064516,50.369441939488354,7.97311434304856,1.2758320295314762,0.12914485165794065,0.1419031719532554,0.1720321931589537,0.7688172043010753,0.13333333333333333
S1,AI 上报,10,20260914,994,667,490,157,87,20,423,37,0.7346326836581709,0.2653673163418291,0.8156028368794326,33.54730083550536,3.020727225881554,0.1438309534700588,0.2873763816172193,0.2888146911519199,0.40543259557344064,0.8321513002364066,0.28596491228070176
S2,AI 上报加透明反馈,10,20260914,994,917,653,229,139,35,549,35,0.7121046892039259,0.28789531079607417,0.8579234972677595,27.712614858509387,2.992608692226253,3.368713222833092,0.40430482838859805,0.37061769616026713,0.5171026156941649,0.8743169398907104,0.3824561403508772
S3,AI 上报加透明反馈加差异化激励,10,20260914,994,1118,783,248,192,87,678,44,0.7003577817531306,0.29964221824686943,0.855457227138643,27.70890824326616,3.026962912430904,0.6539889538604682,0.4840023269342641,0.4774624373956594,0.5945674044265593,0.8569321533923304,0.5526315789473685
S0,现状基准,11,20260914,992,264,151,98,1,15,165,12,0.571969696969697,0.42803030303030304,0.5818181818181818,48.336999165699766,7.923386941937274,0.49890633832239684,0.11447811447811448,0.10948905109489052,0.15120967741935484,0.7515151515151515,0.11960132890365449
S1,AI 上报,11,20260914,992,689,493,168,81,28,440,27,0.7155297532656023,0.2844702467343977,0.8318181818181818,33.41448651656393,2.9911703646745313,2.636052331916078,0.30190796857463525,0.2755474452554745,0.4153225806451613,0.825,0.2857142857142857
S2,AI 上报加透明反馈,11,20260914,992,898,655,205,139,38,554,34,0.7293986636971047,0.27060133630289535,0.8339350180505415,27.615147645640917,3.004084437634581,6.252099256965438,0.4001122334455668,0.3375912408759124,0.5201612903225806,0.868231046931408,0.38372093023255816
S3,AI 上报加透明反馈加差异化激励,11,20260914,992,1104,753,288,170,63,646,41,0.6820652173913043,0.3179347826086957,0.8560371517027864,27.23537177209586,3.000223058756036,5.643621945325111,0.48709315375982043,0.4306569343065693,0.5877016129032258,0.8544891640866873,0.4833887043189369
S0,现状基准,12,20260914,987,271,146,118,1,7,152,7,0.5387453874538746,0.4612546125461255,0.7368421052631579,52.03943432189512,7.974619258609252,1.073467206688007,0.1148577449947313,0.12559241706161137,0.1469098277608916,0.7894736842105263,0.12048192771084337
S1,AI 上报,12,20260914,987,660,491,147,70,22,443,15,0.7439393939393939,0.25606060606060604,0.8465011286681715,32.186021643083585,2.9625313731438245,3.490828459990314,0.29083245521601686,0.2559241706161137,0.4265450861195542,0.835214446952596,0.27882960413080893
S2,AI 上报加透明反馈,12,20260914,987,905,614,230,109,61,566,17,0.6784530386740332,0.32154696132596683,0.8445229681978799,27.045254699318004,2.994523407481468,3.0750752850343845,0.39567966280295047,0.36492890995260663,0.5116514690982776,0.8780918727915195,0.3769363166953528
S3,AI 上报加透明反馈加差异化激励,12,20260914,987,1079,755,255,182,69,642,20,0.6997219647822057,0.3002780352177943,0.8613707165109035,26.165930584077877,2.981718599514184,3.6883424307951995,0.458377239199157,0.495260663507109,0.5805471124620061,0.8551401869158879,0.4819277108433735
S0,现状基准,13,20260914,999,311,174,129,2,8,180,8,0.5594855305466238,0.4405144694533762,0.65,48.915076668678054,8.031318348476708,0.4149764228637026,0.1287292817679558,0.13287904599659284,0.17217217217217218,0.7944444444444444,0.12931034482758622
S1,AI 上报,13,20260914,999,721,529,166,85,26,470,19,0.7337031900138696,0.26629680998613037,0.8468085106382979,33.16833685899567,2.9955075607421517,1.9323839731945347,0.305524861878453,0.28620102214650767,0.4444444444444444,0.8319148936170213,0.2913793103448276
S2,AI 上报加透明反馈,13,20260914,999,978,722,227,174,29,577,21,0.7382413087934561,0.261758691206544,0.8613518197573656,26.98009026357195,2.9827379192394248,2.369290427023818,0.4138121546961326,0.3901192504258944,0.5485485485485485,0.9046793760831889,0.4413793103448276
S3,AI 上报加透明反馈加差异化激励,13,20260914,999,1194,833,274,207,87,713,32,0.6976549413735343,0.30234505862646566,0.8569424964936886,27.490053887427976,2.999596373821475,0.7666098807495747,0.5,0.49233390119250425,0.6266266266266266,0.8597475455820477,0.4827586206896552
S0,现状基准,14,20260914,991,292,159,123,1,10,168,8,0.5445205479452054,0.4554794520547945,0.6547619047619048,52.93508988396522,8.041447465940838,2.1218934675766548,0.13156376226197344,0.1103448275862069,0.15943491422805248,0.7976190476190477,0.1271186440677966
S1,AI 上报,14,20260914,991,707,505,171,64,31,472,23,0.7142857142857143,0.2857142857142857,0.8220338983050848,32.58680145723333,2.9962762092781476,2.59685217979585,0.31217541834968265,0.28620689655172415,0.4450050454086781,0.8114406779661016,0.3050847457627119
S2,AI 上报加透明反馈,14,20260914,991,956,700,220,166,36,570,28,0.7322175732217573,0.26778242677824265,0.8666666666666667,26.796039635956287,3.0084881007728046,0.39656167300077816,0.41431044431621467,0.4103448275862069,0.5388496468213926,0.8456140350877193,0.40508474576271186
S3,AI 上报加透明反馈加差异化激励,14,20260914,991,1077,742,275,179,60,623,32,0.6889507892293407,0.3110492107706592,0.8523274478330658,26.746806458622306,3.0048678362194003,1.1655092822890345,0.4685516445470283,0.45689655172413796,0.5681130171543896,0.8507223113964687,0.5033898305084745
S0,现状基准,15,20260914,987,298,158,128,2,12,168,7,0.5302013422818792,0.4697986577181208,0.6309523809523809,52.20212403821887,7.972060136118601,2.3511529664379416,0.13231981981981983,0.10880829015544041,0.1580547112462006,0.7678571428571429,0.12310286677908938
S1,AI 上报,15,20260914,987,653,450,167,66,36,420,28,0.6891271056661562,0.3108728943338438,0.8714285714285714,32.54691374526981,2.985775995682665,3.1023899547215574,0.2849099099099099,0.2538860103626943,0.3890577507598784,0.8261904761904761,0.27318718381112983
S2,AI 上报加透明反馈,15,20260914,987,915,649,219,137,47,559,34,0.7092896174863388,0.2907103825136612,0.8389982110912343,27.20121665126214,2.964620493021001,4.113569528077299,0.39864864864864863,0.35751295336787564,0.5187436676798379,0.8443649373881932,0.37099494097807756
S3,AI 上报加透明反馈加差异化激励,15,20260914,987,1091,779,258,178,54,655,30,0.7140238313473877,0.2859761686526123,0.8106870229007633,26.887717206676964,2.9931314493323837,0.28240675909069757,0.46396396396396394,0.46113989637305697,0.6089159067882473,0.8351145038167939,0.49409780775716694
S0,现状基准,16,20260914,976,285,152,125,2,8,158,10,0.5333333333333333,0.4666666666666667,0.6329113924050633,51.68264937691077,8.077968145240273,1.5822784810126582,0.12341772151898735,0.10759493670886076,0.15368852459016394,0.8291139240506329,0.11308562197092084
S1,AI 上报,16,20260914,976,661,479,160,86,22,415,20,0.7246596066565809,0.2753403933434191,0.8506024096385543,32.47603000356148,2.9762458943576604,2.0569620253164556,0.274789029535865,0.29535864978902954,0.4026639344262295,0.8361445783132531,0.284329563812601
S2,AI 上报加透明反馈,16,20260914,976,965,678,241,170,46,554,27,0.7025906735751295,0.29740932642487045,0.8393501805054152,27.39213179991002,3.0157972234518735,1.3185654008438852,0.4098101265822785,0.39662447257383965,0.5204918032786885,0.8465703971119134,0.42164781906300486
S3,AI 上报加透明反馈加差异化激励,16,20260914,976,1127,799,266,200,62,661,27,0.7089618456078084,0.29103815439219166,0.859304084720121,27.059252167341803,2.9992197038327335,0.3691983122362852,0.4762658227848101,0.47257383966244726,0.6137295081967213,0.8729198184568835,0.4862681744749596
S0,现状基准,17,20260914,991,283,145,126,0,12,157,14,0.5123674911660777,0.4876325088339223,0.6815286624203821,55.4923551609366,8.08973743244706,1.457195463158263,0.12423738214087632,0.10966542750929369,0.14631685166498487,0.8089171974522293,0.14383561643835616
S1,AI 上报,17,20260914,991,643,483,144,83,16,416,28,0.7511664074650077,0.24883359253499224,0.8485576923076923,32.80332567189822,2.981479955731228,5.495693876583227,0.2872989462007765,0.23234200743494424,0.4036326942482341,0.8461538461538461,0.2585616438356164
S2,AI 上报加透明反馈,17,20260914,991,925,657,226,143,42,556,42,0.7102702702702702,0.2897297297297297,0.8758992805755396,27.366600422175807,2.9983919307276814,0.864008148336004,0.3971159179145868,0.38847583643122674,0.5186680121089808,0.8812949640287769,0.4092465753424658
S3,AI 上报加透明反馈加差异化激励,17,20260914,991,1151,832,250,211,69,690,42,0.7228496959165943,0.27715030408340574,0.8652173913043478,26.8919309523888,3.01275346550759,0.8491630017711083,0.49362174154187466,0.4851301115241636,0.6266397578203835,0.8594202898550725,0.4965753424657534
S0,现状基准,18,20260914,989,269,150,113,2,6,154,10,0.5576208178438662,0.4423791821561338,0.6753246753246753,51.45217329723129,8.151523886472333,1.316902317462948,0.11384062312762133,0.1270096463022508,0.14964610717896865,0.7662337662337663,0.12546125461254612
S1,AI 上报,18,20260914,989,691,487,172,87,32,432,28,0.7047756874095513,0.2952243125904486,0.8634259259259259,31.84328232255809,2.985576159790722,0.5286489589815424,0.30017974835230676,0.3054662379421222,0.4044489383215369,0.8032407407407407,0.2933579335793358
S2,AI 上报加透明反馈,18,20260914,989,961,695,220,153,46,588,29,0.7232049947970863,0.2767950052029136,0.8520408163265306,26.75733645015046,3.010908485088727,0.20055523553199062,0.4200119832234871,0.4180064308681672,0.5480283114256825,0.8775510204081632,0.4575645756457565
S3,AI 上报加透明反馈加差异化激励,18,20260914,989,1094,772,255,199,67,640,36,0.7056672760511883,0.2943327239488117,0.8546875,26.78252527348161,3.0116169807742272,0.44532509791758157,0.4787297783103655,0.4742765273311897,0.5793731041456016,0.86875,0.5
S0,现状基准,19,20260914,983,283,151,121,1,11,161,9,0.5335689045936396,0.4664310954063604,0.6956521739130435,52.20498668084636,8.049837429350266,0.9619113244972153,0.12174817898022892,0.13136729222520108,0.1525940996948118,0.7267080745341615,0.10746812386156648
S1,AI 上报,19,20260914,983,673,478,162,86,33,425,23,0.7102526002971769,0.2897473997028232,0.8564705882352941,31.747348013234348,2.998712903609489,4.283546238976937,0.30020811654526536,0.257372654155496,0.3987792472024415,0.8023529411764706,0.30783242258652094
S2,AI 上报加透明反馈,19,20260914,983,911,655,205,153,51,553,38,0.7189901207464325,0.2810098792535675,0.8499095840867993,27.54933828649346,3.0225620210856143,1.3004494313061998,0.39906347554630595,0.38605898123324395,0.5106815869786369,0.8896925858951176,0.4134790528233151
S3,AI 上报加透明反馈加差异化激励,19,20260914,983,1094,780,249,188,65,657,44,0.7129798903107861,0.2870201096892139,0.8751902587519026,27.127670316408814,3.001555417253659,9.541278772949314,0.4921956295525494,0.3967828418230563,0.602238046795524,0.8721461187214612,0.4972677595628415
S0,现状基准,20,20260914,979,294,144,138,1,12,155,14,0.4897959183673469,0.5102040816326531,0.6838709677419355,51.40060700469505,7.945002898390041,1.4685649088071933,0.13317757009345793,0.118491921005386,0.14606741573033707,0.8064516129032258,0.13957307060755336
S1,AI 上报,20,20260914,979,678,481,168,65,29,445,24,0.7094395280235988,0.29056047197640117,0.8808988764044944,31.442977513561846,3.0336507574630205,0.10402859108374352,0.29906542056074764,0.2980251346499102,0.424923391215526,0.8539325842696629,0.3185550082101806
S2,AI 上报加透明反馈,20,20260914,979,908,649,225,142,34,541,25,0.7147577092511013,0.2852422907488987,0.8539741219963032,27.61070965050841,3.0148807538576383,6.162330743804429,0.415303738317757,0.35368043087971274,0.5178753830439223,0.8650646950092421,0.3645320197044335
S3,AI 上报加透明反馈加差异化激励,20,20260914,979,1038,724,242,168,72,628,36,0.697495183044316,0.302504816955684,0.8375796178343949,27.370950749123956,3.004016655735857,0.6688451148509189,0.4591121495327103,0.4524236983842011,0.567926455566905,0.85828025477707,0.48932676518883417
